<?xml version="1.0" encoding="UTF-8"?>


<beans xmlns="http://www.springframework.org/schema/beans"
xmlns:xsi="http://www.w3.org/2001/XMLSchema-instance"
xmlns:mvc="http://www.springframework.org/schema/mvc"
xmlns:tx="http://www.springframework.org/schema/tx"
xmlns:context="http://www.springframework.org/schema/context"
xsi:schemaLocation="http://www.springframework.org/schema/mvc http://www.springframework.org/schema/mvc/spring-mvc-3.1.xsd
                    http://www.springframework.org/schema/tx http://www.springframework.org/schema/tx/spring-tx-3.1.xsd     
                    http://www.springframework.org/schema/beans http://www.springframework.org/schema/beans/spring-beans-3.1.xsd
                    http://www.springframework.org/schema/context http://www.springframework.org/schema/context/spring-context-3.1.xsd">


	<bean id="myBeansValidator"
		class="org.springframework.validation.beanvalidation.LocalValidatorFactoryBean" />
	
	<mvc:annotation-driven validator="myBeansValidator" />
	 <mvc:resources mapping="/css/**" location="/resources/"/>
	<context:component-scan base-package="com.cg.uas.controller" />
	
	
	<bean 
		class="org.springframework.web.servlet.view.InternalResourceViewResolver">
		<property name="prefix" value="/view/" />
		<property name="suffix" value=".jsp" />
	</bean>


</beans>